Id,Name,Description,Address,ContactNumber,AdminUserId
5afd178e-3080-4b7c-9cde-379dfe4a0592,Sakarya Orduevi,"Türk Silahlı Kuvvetlerine bağlı Sakarya Orduevi askeri personellerin konaklama, yeme, içme, sosyal ihtiyaçlarını karşılayan bir tesis olmaktadır. Bu konuda Sakarya Orduevi içerisinde konaklamak isteyenler için; Sakarya Orduevi Fiyatları, Sakarya Orduevi Resimleri, Sakarya Orduevi Rezervasyon, Sakarya Askeri Gazino ve Sakarya Orduevi Yorumları ‘na yer verdik.","Cumhuriyet Mahallesi, Çark Caddesi, No151 Adapazarı – Sakarya",0264 273 30 61 — 0264 278 37 12,admin-123
b921b8cc-6eef-4baf-81f0-1e939cfe23ff,İzmir Kordon Orduevi,"Türk Silahlı Kuvvetlerine bağlı İzmir Kordon Orduevi askeri personellerin konaklama, yeme, içme, sosyal ihtiyaçlarını karşılayan bir tesis olmaktadır. Bu konuda İzmir Kordon Orduevi içerisinde konaklamak isteyenler için; İzmir Kordon Orduevi Fiyatları, Alsancak Orduevi, Alsancak Subay Orduevi, Alsancak Astsubay Orduevi, İzmir Kordon Orduevi Resimleri, İzmir Kordon Orduevi Rezervasyon, İzmir Kordon Askeri Gazino ve İzmir Kordon Orduevi Yorumları ‘na yer verdik.","Kültür Mahallesi, Cumhuriyet Bulvarı, No163 Kordon – Alsancak – İzmir",0232 463 50 53,admin-123
0d4a45ba-cc16-43ff-9043-37d95aa83e04,Sivas Orduevi,"Türk Silahlı Kuvvetlerine bağlı Sivas Orduevi askeri personellerin konaklama, yeme, içme, sosyal ihtiyaçlarını karşılayan bir tesis olmaktadır. Bu konuda Sivas Orduevi içerisinde konaklamak isteyenler için; Sivas Orduevi Fiyatları, Sivas Orduevi Resimleri, Sivas Orduevi Rezervasyon, Sivas Askeri Gazino ve Sivas Orduevi Yorumları ‘na yer verdik.","Dörteylül Mahallesi, Fatih Caddesi Merkez – Sivas",0346 223 56 08,admin-123
c909db6e-33be-4f8e-8e1a-f65c32f28582,Uşak Orduevi,"Türk Silahlı Kuvvetlerine bağlı Uşak Orduevi askeri personellerin konaklama, yeme, içme, sosyal ihtiyaçlarını karşılayan bir tesis olmaktadır. Bu konuda Uşak Orduevi içerisinde konaklamak isteyenler için; Uşak Orduevi Fiyatları, Uşak Orduevi Resimleri, Uşak Orduevi Rezervasyon, Uşak Askeri Gazino ve Uşak Orduevi Yorumları ‘na yer verdik.","Elmalıdere Mahallesi, Nuri Şeker Caddesi Merkez – Uşak",0276 223 12 70,admin-123
e453e034-0bf7-4033-811c-497f4a0b83d7,Elazığ Orduevi,"Türk Silahlı Kuvvetlerine bağlı Elazığ Orduevi askeri personellerin konaklama, yeme, içme, sosyal ihtiyaçlarını karşılayan bir tesis olmaktadır. Bu konuda Elazığ Orduevi içerisinde konaklamak isteyenler için; Elazığ Orduevi Fiyatları, Elazığ Orduevi Resimleri, Elazığ Orduevi Rezervasyon, Elazığ Askeri Gazino ve Elazığ Orduevi Yorumları ‘na yer verdik.","Mustafa Paşa Mahallesi, Kumlu Sokak No4 Merkez – Elazığ",0424 233 77 98,admin-123
3ef5ede6-c001-4db7-bd7c-d66c9b080701,Keşan Astsubay Orduevi,"Türk Silahlı Kuvvetlerine bağlı Keşan Astsubay Orduevi askeri personellerin konaklama, yeme, içme, sosyal ihtiyaçlarını karşılayan bir tesis olmaktadır. Bu konuda Keşan Astsubay Orduevi içerisinde konaklamak isteyenler için; Keşan Astsubay Orduevi Fiyatları, Keşan Astsubay Orduevi Resimleri, Keşan Astsubay Orduevi Rezervasyon ve Keşan Astsubay Orduevi Yorumları ‘na yer verdik.","Büyük Cami Mahallesi, Fevzi Çakmak Caddesi,  No10  Keşan – Edirne",0284 714 25 08,admin-123
dc375f61-5d73-488a-940d-f7880b051409,Burdur Orduevi,"Türk Silahlı Kuvvetlerine bağlı Burdur Orduevi askeri personellerin konaklama, yeme, içme, sosyal ihtiyaçlarını karşılayan bir tesis olmaktadır. Bu konuda Burdur Orduevi içerisinde konaklamak isteyenler için; Burdur Orduevi Fiyatları, Burdur Orduevi Resimleri, Burdur Orduevi Rezervasyon ve Burdur Orduevi Yorumları ‘na yer verdik.","Burç Mahallesi, Şehit Emeksiz Cadesi, No3  Merkez – Burdur",0248 233 52 65,admin-123
357402ae-c5bd-4fd2-b030-648d4196ae13,Bursa Orduevi,"Türk Silahlı Kuvvetlerine bağlı Bursa Orduevi askeri personellerin konaklama, yeme, içme, sosyal ihtiyaçlarını karşılayan bir tesis olmaktadır. Bu konuda Bursa Orduevi içerisinde konaklamak isteyenler için; Bursa Orduevi Fiyatları, Bursa Orduevi Resimleri, Bursa Orduevi Rezervasyon ve Bursa Orduevi Yorumları ‘na yer verdik.","Osmangazi Mahallesi, Yiğitler Caddesi, No12 Osmangazi – Bursa",0224 220 13 99,admin-123
2b1084ef-f553-45d9-b5ee-5dd33ea06f4c,Tokat Orduevi,"Türk Silahlı Kuvvetlerine bağlı Tokat Orduevi askeri personellerin konaklama, yeme, içme, sosyal ihtiyaçlarını karşılayan bir tesis olmaktadır. Bu konuda Tokat Orduevi içerisinde konaklamak isteyenler için; Tokat Orduevi Fiyatları, Tokat Orduevi Resimleri, Tokat Orduevi Rezervasyon, Tokat Askeri Gazino ve Tokat Orduevi Yorumları ‘na yer verdik.","Alipaşa Mahallesi, Gazi Osman Paşa Bulvarı Üzeri Merkez – Tokat",0356  214 31 31,admin-123
9da5ccdc-fd70-453e-86b1-c0252a064f67,Siirt Orduevi,"Türk Silahlı Kuvvetlerine bağlı Siirt Orduevi askeri personellerin konaklama, yeme, içme, sosyal ihtiyaçlarını karşılayan bir tesis olmaktadır. Bu konuda Siirt Orduevi içerisinde konaklamak isteyenler için; Siirt Orduevi Fiyatları, Siirt Orduevi Resimleri, Siirt Orduevi Rezervasyon, Siirt Askeri Gazino ve Siirt Orduevi Yorumları ‘na yer verdik.","Barış Mahallesi, Kurtalan Yolu Caddesi Üzeri Merkez – Siirt",0484 224 63 16  — 0484 223 98 31,admin-123
ba5b760e-bcb2-4661-b377-69437d5b8887,Maslak Astsubay Orduevi,"Türk Silahlı Kuvvetlerine bağlı Maslak Astsubay Orduevi askeri personellerin konaklama, yeme, içme, sosyal ihtiyaçlarını karşılayan bir tesis olmaktadır. Bu konuda Maslak Astsubay Orduevi içerisinde konaklamak isteyenler için; Maslak Astsubay Orduevi Fiyatları, Maslak Astsubay Orduevi Resimleri, Maslak Astsubay Orduevi Rezervasyon, Maslak Astsubay Askeri Gazino ve Maslak Astsubay Orduevi Yorumları ‘na yer verdik.","Darüşşafaka Mahallesi, Büyükdere Caddesi Sarıyer – İstanbul",0212 346 24 24,admin-123
a968318c-bf87-476d-8124-765248338d5c,Şemsipaşa Orduevi Askeri Gazinosu,"Türk Silahlı Kuvvetlerine bağlı Şemsipaşa Orduevi askeri personellerin konaklama, yeme, içme, sosyal ihtiyaçlarını karşılayan bir tesis olmaktadır. Bu konuda Şemsipaşa Orduevi içerisinde konaklamak isteyenler için; Şemsipaşa Orduevi Fiyatları, Şemsipaşa Orduevi Resimleri, Şemsipaşa Orduevi Rezervasyon, Şemsipaşa Askeri Gazino ve Şemsipaşa Orduevi Yorumları ‘na yer verdik.","Aziz Mahmut Hüdayi Mahallesi, Öğdül Sokak Üsküdar – İstanbul",0216 532 75 78,admin-123
865e232e-bad2-4713-b401-60d2d9827092,Girne Orduevi,"Türk Silahlı Kuvvetlerine bağlı Girne Orduevi askeri personellerin konaklama, yeme, içme, sosyal ihtiyaçlarını karşılayan bir tesis olmaktadır. Bu konuda Girne Orduevi içerisinde konaklamak isteyenler için; Girne Orduevi Fiyatları, Girne Orduevi Resimleri, Girne Orduevi Rezervasyon, Girne Askeri Gazino ve Girne Orduevi Yorumları ‘na yer verdik.",29 Ekim Sokak Girne – Kıbrıs,0392 815 94 59,admin-123
395717f4-55e0-4067-80fe-38bcf5f39613,Kalender Orduevi,"Türk Silahlı Kuvvetlerine bağlı Kalender Orduevi askeri personellerin konaklama, yeme, içme, sosyal ihtiyaçlarını karşılayan bir tesis olmaktadır. Bu konuda Kalender Orduevi içerisinde konaklamak isteyenler için; Kalender Orduevi Fiyatları, Kalender Orduevi Resimleri, Kalender Orduevi Rezervasyon, Kalender Askeri Gazino ve Kalender Orduevi Yorumları ‘na yer verdik.","Köybaşı Cadddesi, Yeniköy Sokak   Sarıyer – İstanbul",,admin-123
f146281d-3c7a-42a4-b5e5-c8ec8ca340ee,Kasımpaşa Orduevi,"Türk Silahlı Kuvvetlerine bağlı Kasımpaşa Orduevi askeri personellerin konaklama, yeme, içme, sosyal ihtiyaçlarını karşılayan bir tesis olmaktadır. Bu konuda Kasımpaşa Orduevi içerisinde konaklamak isteyenler için; Kasımpaşa Orduevi Fiyatları, Kasımpaşa Orduevi Resimleri, Kasımpaşa Orduevi Rezervasyon, Kasımpaşa Askeri Gazino ve Kasımpaşa Orduevi Yorumları ‘na yer verdik.","Bedrettin Mahallesi, Bahriye Caddesi Beyoğlu – İstanbul",0212 254 31 50,admin-123
e1c627dc-ce4d-4477-8d2a-fde6f9696c97,Gelibolu Orduevi (Kamp),"Türk Silahlı Kuvvetlerine bağlı Gelibolu Orduevi askeri personellerin konaklama, yeme, içme, sosyal ihtiyaçlarını karşılayan bir tesis olmaktadır. Bu konuda Gelibolu Orduevi içerisinde konaklamak isteyenler için; Gelibolu Orduevi Fiyatları, Gelibolu Orduevi Resimleri, Gelibolu Orduevi Rezervasyon ve Gelibolu Orduevi Yorumları ‘na yer verdik.","Yazıcızade Mahallesi, Muhittin Reis Caddesi, Güneyli – Gelibolu – Çanakkale",0286 566 80 02,admin-123
5f7159da-b009-4b98-8946-72d22db0dcb9,Eskişehir Subay Orduevi,"Türk Silahlı Kuvvetlerine bağlı Eskişehir Subay Orduevi askeri personellerin konaklama, yeme, içme, sosyal ihtiyaçlarını karşılayan bir tesis olmaktadır. Bu konuda Eskişehir Subay Orduevi içerisinde konaklamak isteyenler için; Eskişehir Subay Orduevi Fiyatları, Eskişehir Subay Orduevi Resimleri, Eskişehir Subay Orduevi Rezervasyon, Eskişehir Subay Askeri Gazino ve Eskişehir Subay Orduevi Yorumları ‘na yer verdik.","Cumhuriyet Mahallesi, İsmet İnönü Caddesi Tepebaşı – Eskişehir",0222 230 15 07,admin-123
0e987497-3cd2-48b1-a0f6-9516201ac861,Çanakkale Astsubay Orduevi,"Türk Silahlı Kuvvetlerine bağlı Çanakkale Astsubay Orduevi askeri personellerin konaklama, yeme, içme, sosyal ihtiyaçlarını karşılayan bir tesis olmaktadır. Bu konuda Çanakkale Astsubay Orduevi içerisinde konaklamak isteyenler için; Çanakkale Astsubay Orduevi Fiyatları, Çanakkale Astsubay Orduevi Resimleri, Çanakkale Astsubay Orduevi Rezervasyon ve Çanakkale Astsubay Orduevi Yorumları ‘na yer verdik.","Cevat Paşa Mahallesi, Nara Yolu Sk Merkez – Çanakkale",0286 217 48 78,admin-123
7e21cb08-c04c-4dda-876f-490f1a0b84e3,Hakkari Orduevi,"Türk Silahlı Kuvvetlerine bağlı Hakkari Orduevi askeri personellerin konaklama, yeme, içme, sosyal ihtiyaçlarını karşılayan bir tesis olmaktadır. Bu konuda Hakkari Orduevi içerisinde konaklamak isteyenler için; Hakkari Orduevi Fiyatları, Hakkari Orduevi Resimleri, Hakkari Orduevi Rezervasyon, Hakkari Askeri Gazino ve Hakkari Orduevi Yorumları ‘na yer verdik.","Bulak Mahallesi, Atatürk Caddesi Merkez – Hakkari",0438 263 12 33,admin-123
96f0afa7-fc81-472e-83c3-31ecf894abe5,Düzce Orduevi,"Türk Silahlı Kuvvetlerine bağlı Düzce Orduevi askeri personellerin konaklama, yeme, içme, sosyal ihtiyaçlarını karşılayan bir tesis olmaktadır. Bu konuda Düzce Orduevi içerisinde konaklamak isteyenler için; Düzce Orduevi Fiyatları, Düzce Orduevi Resimleri, Düzce Orduevi Rezervasyon, Düzce Askeri Gazino ve Düzce Orduevi Yorumları ‘na yer verdik.","Kültür Mahallesi,  Stadyum Sokak,  No5 Merkez – Düzce",0380 514 80 10,admin-123
ce52d9e7-c789-4726-a431-01907bc55046,Gölcük Astsubay Orduevi,"Türk Silahlı Kuvvetlerine bağlı Gölcük Astsubay Orduevi askeri personellerin konaklama, yeme, içme, sosyal ihtiyaçlarını karşılayan bir tesis olmaktadır. Bu konuda Gölcük Astsubay Orduevi içerisinde konaklamak isteyenler için; Gölcük Astsubay Orduevi Fiyatları, Gölcük Astsubay Orduevi Resimleri, Gölcük Astsubay Orduevi Rezervasyon, Gölcük Astsubay Askeri Gazino ve Gölcük Astsubay Orduevi Yorumları ‘na yer verdik.","Merkez Mahallesi, Mareşal Fevzi Çakmak Caddesi Gölcük – Kocaeli",0262 414 66 01,admin-123
526328c7-8999-401f-973a-fb765b614eb4,Çankırı Orduevi,"Türk Silahlı Kuvvetlerine bağlı Çankırı Orduevi askeri personellerin konaklama, yeme, içme, sosyal ihtiyaçlarını karşılayan bir tesis olmaktadır. Bu konuda Çankırı Orduevi içerisinde konaklamak isteyenler için; Çankırı Orduevi Fiyatları, Çankırı Orduevi Resimleri, Çankırı Orduevi Rezervasyon, Çankırı Askeri Gazino ve Çankırı Orduevi Yorumları ‘na yer verdik.","Cumhuriyet Mahallesi, Necip Fazıl Kısakürek Sokak Merkez – Çankırı",0376 212 59 40,admin-123
43be8d6a-16cf-4eee-ab5f-0e09efdfe7ec,Mardin Orduevi,"Türk Silahlı Kuvvetlerine bağlı Mardin Orduevi askeri personellerin konaklama, yeme, içme, sosyal ihtiyaçlarını karşılayan bir tesis olmaktadır. Bu konuda Mardin Orduevi içerisinde konaklamak isteyenler için; Mardin Orduevi Fiyatları, Mardin Orduevi Resimleri, Mardin Orduevi Rezervasyon, Mardin Askeri Gazino ve Mardin Orduevi Yorumları ‘na yer verdik.","Savurkapı Mahallesi, Nusaybin Yolu Üzeri, Artuklu – Mardin",0482 212 77 14 — 0482 213 78 93,admin-123
53c51875-dcbf-4b68-bf28-7ba02da7f51f,Kocaeli Orduevi,"Türk Silahlı Kuvvetlerine bağlı Kocaeli Orduevi askeri personellerin konaklama, yeme, içme, sosyal ihtiyaçlarını karşılayan bir tesis olmaktadır. Bu konuda Kocaeli Orduevi içerisinde konaklamak isteyenler için; Kocaeli Orduevi Fiyatları, Kocaeli Orduevi Resimleri, Kocaeli Orduevi Rezervasyon, Kocaeli Askeri Gazino ve Kocaeli Orduevi Yorumları ‘na yer verdik.","Kozluk Mahallesi, Orduevi Sokak, Seka Cami Karşısı İzmit – Kocaeli",0262 323 93 09,admin-123
30c03270-2592-4414-81f4-8caf5ac06f77,Yüksekova Orduevi,"Türk Silahlı Kuvvetlerine bağlı Yüksekova Orduevi askeri personellerin konaklama, yeme, içme, sosyal ihtiyaçlarını karşılayan bir tesis olmaktadır. Bu konuda Yüksekova Orduevi içerisinde konaklamak isteyenler için; Yüksekova Orduevi Fiyatları, Yüksekova Orduevi Resimleri, Yüksekova Orduevi Rezervasyon, Yüksekova Askeri Gazino ve Yüksekova Orduevi Yorumları ‘na yer verdik.","İpek Mahallesi, Yüksekova Esendere Yolu Üzeri Yüksekova – Hakkari",0438 351 06 54,admin-123
df6f0799-eb6b-4d36-bddb-903ee736278c,Osmaniye Jandarma Orduevi,"Türk Silahlı Kuvvetlerine bağlı Osmaniye Jandarma Orduevi askeri personellerin konaklama, yeme, içme, sosyal ihtiyaçlarını karşılayan bir tesis olmaktadır. Bu konuda Osmaniye Jandarma Orduevi içerisinde konaklamak isteyenler için; Osmaniye Jandarma Orduevi Fiyatları, Osmaniye Jandarma Orduevi Resimleri, Osmaniye Jandarma Orduevi Rezervasyon, Osmaniye Jandarma Askeri Gazino ve Osmaniye Jandarma Orduevi Yorumları ‘na yer verdik.","Selimiye Mahallesi, Musa  Şahin Bulvarı, Merkez – Osmaniye",0328 813 00 53,admin-123
93e77b76-29b4-4206-9482-8f5b77889d80,Afyon Orduevi,"Türk Silahlı Kuvvetlerine bağlı Afyon Orduevi askeri personellerin konaklama, yeme, içme, sosyal ihtiyaçlarını karşılayan bir tesis olmaktadır. Bu konuda Afyon Orduevi içerisinde konaklamak isteyenler için; Afyon Orduevi Fiyatları, Afyon Orduevi Resimleri, Afyon Orduevi Rezervasyon ve Afyon Orduevi Yorumları ‘na yer verdik.","Dumlupınar, Ordu Bulvarı, No26 Merkez – Afyonkarahisar",0272 213 15 53,admin-123
6d7da466-7e2f-4e89-a252-9f8b9ea6f1ab,Kahramanmaraş Orduevi,"Türk Silahlı Kuvvetlerine bağlı Kahramanmaraş Orduevi askeri personellerin konaklama, yeme, içme, sosyal ihtiyaçlarını karşılayan bir tesis olmaktadır. Bu konuda Kahramanmaraş Orduevi içerisinde konaklamak isteyenler için; Kahramanmaraş Orduevi Fiyatları, Kahramanmaraş Orduevi Resimleri, Kahramanmaraş Orduevi Rezervasyon, Kahramanmaraş Askeri Gazino ve Kahramanmaraş Orduevi Yorumları ‘na yer verdik.","Gazi Paşa Mahallesi, Kışla Caddesi, No4 Merkez – Kahramanmaraş",0344 223 03 45,admin-123
6c627508-b706-41ce-80d0-3d3d61208d28,Karadeniz Ereğli Orduevi,"Türk Silahlı Kuvvetlerine bağlı Karadeniz Ereğli Orduevi askeri personellerin konaklama, yeme, içme, sosyal ihtiyaçlarını karşılayan bir tesis olmaktadır. Bu konuda Karadeniz Ereğli Orduevi içerisinde konaklamak isteyenler için; Karadeniz Ereğli Orduevi Fiyatları, Karadeniz Ereğli Orduevi Resimleri, Karadeniz Ereğli Orduevi Rezervasyon, Karadeniz Ereğli Askeri Gazino ve Karadeniz Ereğli Orduevi Yorumları ‘na yer verdik.","Süleymanlar Mahallesi, Hastane Caddesi, Ereğli – Zonguldak",0372 315 08 01,admin-123
f7b3267c-dd11-4a88-8465-8c44344bdf56,Sivrihisar Orduevi,"Türk Silahlı Kuvvetlerine bağlı Sivrihisar Orduevi askeri personellerin konaklama, yeme, içme, sosyal ihtiyaçlarını karşılayan bir tesis olmaktadır. Bu konuda Sivrihisar Orduevi içerisinde konaklamak isteyenler için; Sivrihisar Orduevi Fiyatları, Sivrihisar Orduevi Resimleri, Sivrihisar Orduevi Rezervasyon, Sivrihisar Askeri Gazino ve Sivrihisar Orduevi Yorumları ‘na yer verdik.","Bahçecik Mahallesi, Sivrihisar – Eskişehir",0222 712 54 47,admin-123
73393744-8cca-445b-87ba-8c6b5029affd,Beylerbeyi Orduevi Askeri Gazinosu,"Türk Silahlı Kuvvetlerine bağlı Beylerbeyi Orduevi askeri personellerin konaklama, yeme, içme, sosyal ihtiyaçlarını karşılayan bir tesis olmaktadır. Bu konuda Beylerbeyi Orduevi içerisinde konaklamak isteyenler için; Beylerbeyi Orduevi Fiyatları, Beylerbeyi Orduevi Resimleri, Beylerbeyi Orduevi Rezervasyon, Beylerbeyi Askeri Gazino ve Beylerbeyi Orduevi Yorumları ‘na yer verdik.","Beylerbeyi mahallesi, Abdullah Ağa Caddesi, Üsküdar – İstanbul",0216 341 50 83,admin-123
b2693b23-8b40-483c-8094-ad605adad534,Ankara Gazi Orduevi,"Türk Silahlı Kuvvetlerine bağlı Ankara Gazi Orduevi askeri personellerin konaklama, yeme, içme, sosyal ihtiyaçlarını karşılayan bir tesis olmaktadır. Bu konuda Ankara Gazi Orduevi içerisinde konaklamak isteyenler için; Ankara Gazi Orduevi Fiyatları, Ankara Gazi Orduevi Resimleri, Ankara Gazi Orduevi Rezervasyon ve Ankara Gazi Orduevi Yorumları ‘na yer verdik.","Bahçekapı Mahallesi, Söğütözü Caddesi, Çankaya – Ankara",0312 212 60 70,admin-123
b19a5ca7-d224-4725-bdc0-dce70c86488a,Erzincan Astsubay Orduevi,"Türk Silahlı Kuvvetlerine bağlı Erzincan Astsubay Orduevi askeri personellerin konaklama, yeme, içme, sosyal ihtiyaçlarını karşılayan bir tesis olmaktadır. Bu konuda Erzincan Astsubay Orduevi içerisinde konaklamak isteyenler için; Erzincan Astsubay Orduevi Fiyatları, Erzincan Astsubay Orduevi Resimleri, Erzincan Astsubay Orduevi Rezervasyon, Erzincan Astsubay Askeri Gazino ve Erzincan Astsubay Orduevi Yorumları ‘na yer verdik.","Taksim Mahallesi, 13. Şubat Caddesi, No112 Merkez – Erzincan",0446 214 34 79,admin-123
e5c77d33-69e0-48a7-b840-15928719ba45,Bolu Orduevi,"Türk Silahlı Kuvvetlerine bağlı Bolu Orduevi askeri personellerin konaklama, yeme, içme, sosyal ihtiyaçlarını karşılayan bir tesis olmaktadır. Bu konuda Bolu Orduevi içerisinde konaklamak isteyenler için; Bolu Orduevi Fiyatları, Bolu Orduevi Resimleri, Bolu Orduevi Rezervasyon ve Bolu Orduevi Yorumları ‘na yer verdik.",Tabaklar Mahallesi Ali Rıza Tekemen Caddesi Merkez – BOLU,0374 245 11 30,admin-123
55d14419-d920-453a-b44e-1a01f0abb2c9,Pendik Pavli Orduevi Askeri Gazino,"Türk Silahlı Kuvvetlerine bağlı Pavli Orduevi askeri personellerin konaklama, yeme, içme, sosyal ihtiyaçlarını karşılayan bir tesis olmaktadır. Bu konuda Pavli Orduevi içerisinde konaklamak isteyenler için; Pavli Orduevi Fiyatları, Pavli Orduevi Resimleri, Pavli Orduevi Rezervasyon, Pavli Askeri Gazino ve Pavli Orduevi Yorumları ‘na yer verdik.",İstanbul Tersane Komutanlığı Pavli Adası Kaynarca Mahallesi Pendik – İstanbul,0216 493 94 94,admin-123
4baada52-4cb8-40da-8c08-e4a408df81db,Kars Orduevi,"Türk Silahlı Kuvvetlerine bağlı Kars Orduevi askeri personellerin konaklama, yeme, içme, sosyal ihtiyaçlarını karşılayan bir tesis olmaktadır. Bu konuda Kars Orduevi içerisinde konaklamak isteyenler için; Kars Orduevi Fiyatları, Kars Orduevi Resimleri, Kars Orduevi Rezervasyon, Kars Askeri Gazino ve Kars Orduevi Yorumları ‘na yer verdik.","Cumhuriyet Mahallesi, Gazi Mustafa Paşa Caddesi Merkez – Kars",0474 212 60 24  — 0474 212 32 99,admin-123
f144c73c-52b7-41a0-b46d-7d6647aa0269,Eskişehir Astsubay Orduevi,"Türk Silahlı Kuvvetlerine bağlı Eskişehir Astsubay Orduevi askeri personellerin konaklama, yeme, içme, sosyal ihtiyaçlarını karşılayan bir tesis olmaktadır. Bu konuda Eskişehir Astsubay Orduevi içerisinde konaklamak isteyenler için; Eskişehir Astsubay Orduevi Fiyatları, Eskişehir Astsubay Orduevi Resimleri, Eskişehir Astsubay Orduevi Rezervasyon, Eskişehir Astsubay Askeri Gazino ve Eskişehir Astsubay Orduevi Yorumları ‘na yer verdik.","İstiklal Mahallesi, Başan Sokak,  No7  Odunpazarı – Eskişehir",0222 221 19 30,admin-123
467b646b-7508-49ad-a2f7-6ee831a9fc83,Piri Reis Orduevi,"Türk Silahlı Kuvvetlerine bağlı Piri Reis Orduevi askeri personellerin konaklama, yeme, içme, sosyal ihtiyaçlarını karşılayan bir tesis olmaktadır. Bu konuda Piri Reis Orduevi içerisinde konaklamak isteyenler için; Piri Reis Orduevi Fiyatları, Piri Reis Orduevi Resimleri, Piri Reis Orduevi Rezervasyon, Piri Reis Askeri Gazino ve Piri Reis Orduevi Yorumları ‘na yer verdik.","Meydan Mahallesi, Yaşar Doğu Caddesi  İskenderun – Hatay",0326 613 14 25,admin-123
083c4868-ca0b-4472-8408-66457f7ee673,Kırklareli Orduevi,"Türk Silahlı Kuvvetlerine bağlı Kırklareli Orduevi askeri personellerin konaklama, yeme, içme, sosyal ihtiyaçlarını karşılayan bir tesis olmaktadır. Bu konuda Kırklareli Orduevi içerisinde konaklamak isteyenler için; Kırklareli Orduevi Fiyatları, Kırklareli Orduevi Resimleri, Kırklareli Orduevi Rezervasyon, Kırklareli Askeri Gazino ve Kırklareli Orduevi Yorumları ‘na yer verdik.","Karakaş Mahallesi, İstasyon Caddesi, Merkez – Kırklareli",0288 214 11 52,admin-123
cfbe81e2-01ca-4aee-bc47-ae74b4e042ec,Rize Orduevi,"Türk Silahlı Kuvvetlerine bağlı Rize Orduevi askeri personellerin konaklama, yeme, içme, sosyal ihtiyaçlarını karşılayan bir tesis olmaktadır. Bu konuda Rize Orduevi içerisinde konaklamak isteyenler için; Rize Orduevi Fiyatları, Rize Orduevi Resimleri, Rize Orduevi Rezervasyon, Rize Askeri Gazino ve Rize Orduevi Yorumları ‘na yer verdik.","Pazar, Karadeniz Caddesi, Pazar – Rize",0464 612 31 24,admin-123
120033aa-d22c-4f62-bce0-4a6d1d45ee8b,Süloğlu Orduevi,"Türk Silahlı Kuvvetlerine bağlı Süloğlu Orduevi askeri personellerin konaklama, yeme, içme, sosyal ihtiyaçlarını karşılayan bir tesis olmaktadır. Bu konuda Süloğlu Orduevi içerisinde konaklamak isteyenler için; Süloğlu Orduevi Fiyatları, Süloğlu Orduevi Resimleri, Süloğlu Orduevi Rezervasyon, Süloğlu Askeri Gazino ve Süloğlu Orduevi Yorumları ‘na yer verdik.","Merkez Mahallesi, Edirne Caddesi, Süloğlı – Edirne",0284 311 43 13 — 0284 311 31 51 (2062) —- 0284 311 42 75,admin-123
6d1c05bf-18a4-4ebc-a5af-4ec0aa054c4b,Siverek Orduevi,"Türk Silahlı Kuvvetlerine bağlı Siverek Orduevi askeri personellerin konaklama, yeme, içme, sosyal ihtiyaçlarını karşılayan bir tesis olmaktadır. Bu konuda Siverek Orduevi içerisinde konaklamak isteyenler için; Siverek Orduevi Fiyatları, Siverek Orduevi Resimleri, Siverek Orduevi Rezervasyon, Siverek Askeri Gazino ve Siverek Orduevi Yorumları ‘na yer verdik.","Bahçelievler Mahallesi, Eski Diyarbakır Yolu Caddesi, Siverek – Şanlıurfa",0414 553 30 80 —- 0414 553 35 56,admin-123
72cedeb0-7140-4ef0-81f9-b25cf90ff76f,Mersin Orduevi,"Türk Silahlı Kuvvetlerine bağlı Mersin Orduevi askeri personellerin konaklama, yeme, içme, sosyal ihtiyaçlarını karşılayan bir tesis olmaktadır. Bu konuda Mersin Orduevi içerisinde konaklamak isteyenler için; Mersin Orduevi Fiyatları, Mersin Orduevi Resimleri, Mersin Orduevi Rezervasyon, Mersin Askeri Gazino ve Mersin Orduevi Yorumları ‘na yer verdik.","Hamidiye Mahallesi, İsmet İnönü Bulvarı, No176 Akdeniz – Mersin",0324 237 01 70,admin-123
9b38c22e-2735-43da-8007-6103261651a1,Fenerbahçe Orduevi,"Türk Silahlı Kuvvetlerine bağlı Fenerbahçe Orduevi askeri personellerin konaklama, yeme, içme, sosyal ihtiyaçlarını karşılayan bir tesis olmaktadır. Bu konuda Fenerbahçe Orduevi içerisinde konaklamak isteyenler için; Fenerbahçe Orduevi Fiyatları, Kadıköy Fenerbahçe Orduevi Resimleri, Kadıköy Fenerbahçe Orduevi Rezervasyon, Kadıköy Fenerbahçe Askeri Gazino ve Fenerbahçe Orduevi Yorumları ‘na yer verdik.",Fenerbahçe Mahallesi Dr. Faruk Ayanoğlu Caddesi Kadıköy – İstanbul,0216 345 28 07 — 0216 345 28 08 —- 0216 345 28 09 — 0216 345 28 10,admin-123
aef7c874-ab59-42c3-9ca8-f96fd772ebda,Erzincan Subay Orduevi,"Türk Silahlı Kuvvetlerine bağlı Erzincan Subay Orduevi askeri personellerin konaklama, yeme, içme, sosyal ihtiyaçlarını karşılayan bir tesis olmaktadır. Bu konuda Erzincan Subay Orduevi içerisinde konaklamak isteyenler için; Erzincan Subay Orduevi Fiyatları, Erzincan Subay Orduevi Resimleri, Erzincan Subay Orduevi Rezervasyon, Erzincan Subay Askeri Gazino ve Erzincan Subay Orduevi Yorumları ‘na yer verdik.","Cumhuriyet Mahallesi, Panayır Sokak, Merkez – Erzincan",0446 224 52 96  — 0446 223 67 13 — 0446 214 25 53 (7811),admin-123
8a4de457-e1a1-4413-9c5b-bc89529e8308,Trabzon Orduevi,"Türk Silahlı Kuvvetlerine bağlı Trabzon Orduevi askeri personellerin konaklama, yeme, içme, sosyal ihtiyaçlarını karşılayan bir tesis olmaktadır. Bu konuda Trabzon Orduevi içerisinde konaklamak isteyenler için; Trabzon Orduevi Fiyatları, Trabzon Orduevi Resimleri, Trabzon Orduevi Rezervasyon, Trabzon Askeri Gazino ve Trabzon Orduevi Yorumları ‘na yer verdik.","2 Nolu Erdoğdu Mahallesi, Dönemeç Sokak, Merkez – Trabzon",0462 230 74 85 — 0462 230 64 26,admin-123
118c9a84-81dd-40f6-a016-809dcba18f9c,İskenderun Orduevi,"Türk Silahlı Kuvvetlerine bağlı İskenderun Orduevi askeri personellerin konaklama, yeme, içme, sosyal ihtiyaçlarını karşılayan bir tesis olmaktadır. Bu konuda İskenderun Orduevi içerisinde konaklamak isteyenler için; İskenderun Orduevi Fiyatları, İskenderun Orduevi Resimleri, İskenderun Orduevi Rezervasyon, İskenderun Askeri Gazino ve İskenderun Orduevi Yorumları ‘na yer verdik.","Yenişehir Mahallesi, Atatürk Bulvarı, No57 İskenderun – Hatay",0326 614 10 18,admin-123
fcdc1e94-4678-4c20-abfd-29c4c58ead2c,Heybeliada Şafak Orduevi Askeri Gazino,"Türk Silahlı Kuvvetlerine bağlı Heybeliada Şafak Orduevi askeri personellerin konaklama, yeme, içme, sosyal ihtiyaçlarını karşılayan bir tesis olmaktadır. Bu konuda Heybeliada Şafak Orduevi içerisinde konaklamak isteyenler için; Heybeliada Şafak Orduevi Fiyatları, Heybeliada Şafak Orduevi Resimleri, Heybeliada Şafak Orduevi Rezervasyon, Heybeliada Şafak Askeri Gazino ve Heybeliada Şafak Orduevi Yorumları ‘na yer verdik.",Heybeliada İçerisi Oruç Reis Sokak Adalar – İstanbul,0216 351 00 72,admin-123
44f740af-ccd1-4666-b0ad-e7343ccc3b07,Sarıkamış Orduevi,"Türk Silahlı Kuvvetlerine bağlı Sarıkamış Orduevi askeri personellerin konaklama, yeme, içme, sosyal ihtiyaçlarını karşılayan bir tesis olmaktadır. Bu konuda Sarıkamış Orduevi içerisinde konaklamak isteyenler için; Sarıkamış Orduevi Fiyatları, Sarıkamış Orduevi Resimleri, Sarıkamış Orduevi Rezervasyon, Sarıkamış Askeri Gazino ve Sarıkamış Orduevi Yorumları ‘na yer verdik.",İnönü Mahallesi Sarıkamış – Kars,0474 413 41 07  — 0474 413 69 41,admin-123
5d1c6634-ab68-4eac-b236-12da00be1feb,Kayseri Orduevi,"Türk Silahlı Kuvvetlerine bağlı Kayseri Orduevi askeri personellerin konaklama, yeme, içme, sosyal ihtiyaçlarını karşılayan bir tesis olmaktadır. Bu konuda Kayseri Orduevi içerisinde konaklamak isteyenler için; Kayseri Orduevi Fiyatları, Kayseri Orduevi Resimleri, Kayseri Orduevi Rezervasyon, Kayseri Askeri Gazino ve Kayseri Orduevi Yorumları ‘na yer verdik.","Serçeönü Mahallesi, Sivas Bulvarı, No7 Kocasinan – Kayseri",0352 222 68 60,admin-123
b443f128-c3c1-4f2c-abf9-ff6a9ec7f1ec,Edirne Orduevi,"Türk Silahlı Kuvvetlerine bağlı Edirne Orduevi askeri personellerin konaklama, yeme, içme, sosyal ihtiyaçlarını karşılayan bir tesis olmaktadır. Bu konuda Edirne Orduevi içerisinde konaklamak isteyenler için; Edirne Orduevi Fiyatları, Edirne Orduevi Resimleri, Edirne Orduevi Rezervasyon, Edirne Askeri Gazino ve Edirne Orduevi Yorumları ‘na yer verdik.","Sabuni Mahallesi, Talat Paşa Caddesi, No145  Merkez – Edirne",0284 212 75 15 — 0284 212 34 80 — 0284 213 91 76,admin-123
021eda9e-1b46-4977-93e8-6bd8e9c6cf19,Ankara Merkez Orduevi,"Türk Silahlı Kuvvetlerine bağlı Ankara Merkez Orduevi askeri personellerin konaklama, yeme, içme, sosyal ihtiyaçlarını karşılayan bir tesis olmaktadır. Bu konuda Ankara Merkez Orduevi içerisinde konaklamak isteyenler için; Ankara Merkez Orduevi Fiyatları, Ankara Merkez Orduevi Resimleri, Ankara Merkez Orduevi Rezervasyon ve Ankara Merkez Orduevi Yorumları ‘na yer verdik.","Nasuh Akar Mahallesi, Türkocağı Caddesi No14  Çankaya – Ankara",0312 285 75 78,admin-123
8f07b8e3-3d2b-4a7b-bca5-5a87caa1832c,Fenerbahçe DG Denizciler Orduevi Askeri Gazinosu,"Türk Silahlı Kuvvetlerine bağlı Fenerbahçe DG Denizcilercilercilerciler Orduevi askeri personellerin konaklama, yeme, içme, sosyal ihtiyaçlarını karşılayan bir tesis olmaktadır. Bu konuda Fenerbahçe DG Denizciler Orduevi içerisinde konaklamak isteyenler için; Fenerbahçe DG Denizciler Orduevi Fiyatları, Fenerbahçe DG Denizciler Orduevi Resimleri, Fenerbahçe DG Denizciler Orduevi Rezervasyon, Fenerbahçe DG Denizciler Askeri Gazino ve Fenerbahçe DG Denizciler Orduevi Yorumları ‘na yer verdik.","Fenerbahçe Mahallesi, Kadıköy – İstanbul",0216 336 02 59,admin-123
f090f2f3-ff05-40d1-9d2e-dff88be6c1ea,Beykoz Orduevi Askeri Gazinosu,"Türk Silahlı Kuvvetlerine bağlı Beykoz Orduevi askeri personellerin konaklama, yeme, içme, sosyal ihtiyaçlarını karşılayan bir tesis olmaktadır. Bu konuda Beykoz Orduevi içerisinde konaklamak isteyenler için; Beykoz Orduevi Fiyatları, Beykoz Orduevi Resimleri, Beykoz Orduevi Rezervasyon, Beykoz Askeri Gazino ve Beykoz Orduevi Yorumları ‘na yer verdik.","Anadolu Kavağı, Mirişah Hamam Sokak Beykoz/İstanbul",0216 320 25 27-32,admin-123
d907023c-978e-4038-beea-f213635238e0,Orduevi Fiyatları Askeri Gazino Fiyatı 2026,"Ülkemizin farklı bölgelerinde faaliyet gösteren Orduevleri, askeri personellerin konaklama, tatil, eğitim veya dinlenme amacıyla vakit geçireceği sosyal tesislere orduevi denilmektedir. Orduevi Fiyatları her yıl yıl başında yenilenmekte olup, personellerinin kar amacı gütmeden güven içerisinde konaklamasına imkan vermektedir.",Bilinmiyor,,admin-123
21269f1b-1cf4-4870-ae4f-a055b91f05d9,Samsun Astsubay Orduevi,"Türk Silahlı Kuvvetlerine bağlı Samsun Astsubay Orduevi askeri personellerin konaklama, yeme, içme, sosyal ihtiyaçlarını karşılayan bir tesis olmaktadır. Bu konuda Samsun Astsubay Orduevi içerisinde konaklamak isteyenler için; Samsun Astsubay Orduevi Fiyatları, Samsun Astsubay Orduevi Resimleri, Samsun Astsubay Orduevi Rezervasyon, Samsun Astsubay Askeri Gazino ve Samsun Astsubay Orduevi Yorumları ‘na yer verdik.","Kale Mahallesi, İstiklal Caddesi Üzeri İlkadım – Samsun",0362 432 22 38,admin-123
2aa86fb5-a013-4e40-8464-6fc668119c20,Manisa Orduevi,"Türk Silahlı Kuvvetlerine bağlı Manisa Orduevi askeri personellerin konaklama, yeme, içme, sosyal ihtiyaçlarını karşılayan bir tesis olmaktadır. Bu konuda Manisa Orduevi içerisinde konaklamak isteyenler için; Manisa Orduevi Fiyatları, Manisa Orduevi Resimleri, Manisa Orduevi Rezervasyon, Manisa Askeri Gazino ve Manisa Orduevi Yorumları ‘na yer verdik.","2. Anafartalar Mahallesi, Tümen Caddesi Üzeri Şehzadeler – Manisa",0236 238 10 06  —- 0236 231 46 33,admin-123
b9cdb6c0-2124-42c0-8002-a8fba69c7254,Ankara Tandoğan Orduevi,"Türk Silahlı Kuvvetlerine bağlı Ankara Tandoğan Orduevi askeri personellerin konaklama, yeme, içme, sosyal ihtiyaçlarını karşılayan bir tesis olmaktadır. Bu konuda Ankara Tandoğan Orduevi içerisinde konaklamak isteyenler için; Ankara Tandoğan Orduevi Fiyatları, Ankara Tandoğan Orduevi Resimleri, Ankara Tandoğan Orduevi Rezervasyon ve Ankara Tandoğan Orduevi Yorumları ‘na yer verdik.",Eti Mahallesi Kazım Karabekir Caddesi No2 Çankaya – Ankara,0312 231 73 70,admin-123
75beb6c2-36dd-4227-b1b0-4d9a3c27164b,Gazimağusa Orduevi,"Türk Silahlı Kuvvetlerine bağlı Gazimağusa Orduevi askeri personellerin konaklama, yeme, içme, sosyal ihtiyaçlarını karşılayan bir tesis olmaktadır. Bu konuda Gazimağusa Orduevi içerisinde konaklamak isteyenler için; Gazimağusa Orduevi Fiyatları, Gazimağusa Orduevi Resimleri, Gazimağusa Orduevi Rezervasyon, Gazimağusa Askeri Gazino ve Gazimağusa Orduevi Yorumları ‘na yer verdik.","Derinya Mahallesi, Kapalı Maraş Kuzey Kıbrıs Türk Cumhuriyeti",0392 366 55 15   — 0392 366 07 27,admin-123
10112932-4646-4b90-8fc8-5a56413458a3,Yozgat Orduevi,"Türk Silahlı Kuvvetlerine bağlı Yozgat Orduevi askeri personellerin konaklama, yeme, içme, sosyal ihtiyaçlarını karşılayan bir tesis olmaktadır. Bu konuda Yozgat Orduevi içerisinde konaklamak isteyenler için; Yozgat Orduevi Fiyatları, Yozgat Orduevi Resimleri, Yozgat Orduevi Rezervasyon, Yozgat Askeri Gazino ve Yozgat Orduevi Yorumları ‘na yer verdik.","Medrese Mahallesi, Kültür Sokak Merkez – Yozgat",0354 212 10 42,admin-123
10eed0f4-9ec9-40d4-9c35-959ab5af9d45,Selimiye Astsubay Orduevi,"Türk Silahlı Kuvvetlerine bağlı Selimiye Astsubay Orduevi askeri personellerin konaklama, yeme, içme, sosyal ihtiyaçlarını karşılayan bir tesis olmaktadır. Bu konuda Selimiye Astsubay Orduevi içerisinde konaklamak isteyenler için; Selimiye Astsubay Orduevi Fiyatları, Selimiye Astsubay Orduevi Resimleri, Selimiye Astsubay Orduevi Rezervasyon, Selimiye Astsubay Askeri Gazino ve Selimiye Astsubay Orduevi Yorumları ‘na yer verdik.","Selimiye Mahallesi, Tıbbiye Caddesi  Üsküdar – İstanbul",0216 342 56 70,admin-123
b2e434ca-bbf6-4f98-8f46-906ec667f76f,Büyükçekmece Astsubay Orduevi,"Türk Silahlı Kuvvetlerine bağlı Büyükçekmece Astsubay Orduevi askeri personellerin konaklama, yeme, içme, sosyal ihtiyaçlarını karşılayan bir tesis olmaktadır. Bu konuda Büyükçekmece Astsubay Orduevi içerisinde konaklamak isteyenler için; Büyükçekmece Astsubay Orduevi Fiyatları, Büyükçekmece Astsubay Orduevi Resimleri, Büyükçekmece Astsubay Orduevi Rezervasyon, Büyükçekmece Astsubay Askeri Gazino ve Büyükçekmece Astsubay Orduevi Yorumları ‘na yer verdik.","Fatih Mahallesi,  Rıza Küçükoğlu Paşa Caddesi,  Büyükçekmece – İstanbul",0212 882 08 15,admin-123
13c4e9f0-95e3-4b51-9e7d-ec54604c694a,Sinop Orduevi,"Türk Silahlı Kuvvetlerine bağlı Sinop Orduevi askeri personellerin konaklama, yeme, içme, sosyal ihtiyaçlarını karşılayan bir tesis olmaktadır. Bu konuda Sinop Orduevi içerisinde konaklamak isteyenler için; Sinop Orduevi Fiyatları, Sinop Orduevi Resimleri, Sinop Orduevi Rezervasyon, Sinop Askeri Gazino ve Sinop Orduevi Yorumları ‘na yer verdik.","Meydankapı Mahallesi, Bahçeyolu Sokak, Merkez – Sinop",0368 260 20 93,admin-123
b57550bb-06bc-493e-80f3-669d15a04c24,Sarayburnu Orduevi Askeri Gazinosu,"Türk Silahlı Kuvvetlerine bağlı Sarayburnu Orduevi askeri personellerin konaklama, yeme, içme, sosyal ihtiyaçlarını karşılayan bir tesis olmaktadır. Bu konuda Sarayburnu Orduevi içerisinde konaklamak isteyenler için; Sarayburnu Orduevi Fiyatları, Sarayburnu Orduevi Resimleri, Sarayburnu Orduevi Rezervasyon, Sarayburnu Askeri Gazino ve Sarayburnu Orduevi Yorumları ‘na yer verdik.","Sarayburnu Mahallesi, Kennedy Caddesi Fatih – İstanbul",0212 513 34 88,admin-123
c7c22740-9ea6-47f8-b287-d2963d7d3e08,Kırıkkale Orduevi,"Türk Silahlı Kuvvetlerine bağlı Kırıkkale Orduevi askeri personellerin konaklama, yeme, içme, sosyal ihtiyaçlarını karşılayan bir tesis olmaktadır. Bu konuda Kırıkkale Orduevi içerisinde konaklamak isteyenler için; Kırıkkale Orduevi Fiyatları, Kırıkkale Orduevi Resimleri, Kırıkkale Orduevi Rezervasyon, Kırıkkale Askeri Gazino ve Kırıkkale Orduevi Yorumları ‘na yer verdik.","Fabrikalar Mahallesi, Millet Bulvarı Merkez – Kırıkkale",0318 224 10 22,admin-123
b1c9a535-ba0c-4581-a90d-5937d9a01bc3,Zonguldak Orduevi,"Türk Silahlı Kuvvetlerine bağlı Zonguldak Orduevi askeri personellerin konaklama, yeme, içme, sosyal ihtiyaçlarını karşılayan bir tesis olmaktadır. Bu konuda Zonguldak Orduevi içerisinde konaklamak isteyenler için; Zonguldak Orduevi Fiyatları, Zonguldak Orduevi Resimleri, Zonguldak Orduevi Rezervasyon, Zonguldak Askeri Gazino ve Zonguldak Orduevi Yorumları ‘na yer verdik.","Yayla Mahallesi, Liman Caddesi, Merkez – Zonguldak",0372 252 20 09,admin-123
8b918402-62e1-4d05-a7e8-ce4de5364a33,Oltu Orduevi,"Türk Silahlı Kuvvetlerine bağlı Oltu Orduevi askeri personellerin konaklama, yeme, içme, sosyal ihtiyaçlarını karşılayan bir tesis olmaktadır. Bu konuda Oltu Orduevi içerisinde konaklamak isteyenler için; Oltu Orduevi Fiyatları, Oltu Orduevi Resimleri, Oltu Orduevi Rezervasyon, Oltu Askeri Gazino ve Oltu Orduevi Yorumları ‘na yer verdik.","Yasin Haşimoğlu Mahallesi, Ahmet Yesevi Caddesi  Oltu – Erzurum","0442 816 38 40 —  
0442 816 63 05 — 0442 816 19 25",admin-123
d7b1a3b2-ca4c-459a-b883-8a4f26f19180,Büyükçekmece Subay Orduevi,"Türk Silahlı Kuvvetlerine bağlı Büyükçekmece Subay Orduevi askeri personellerin konaklama, yeme, içme, sosyal ihtiyaçlarını karşılayan bir tesis olmaktadır. Bu konuda Büyükçekmece Subay Orduevi içerisinde konaklamak isteyenler için; Büyükçekmece Subay Orduevi Fiyatları, Büyükçekmece Subay Orduevi Resimleri, Büyükçekmece Subay Orduevi Rezervasyon, Büyükçekmece Subay Askeri Gazino ve Büyükçekmece Subay Orduevi Yorumları ‘na yer verdik.","Fatih Mahallesi, Gazi Mustafa Caddesi Büyükçekmece – İstanbul",0212 883 49 76,admin-123
f7162262-e315-40da-87e9-ca5f3d2637b9,Denizli Orduevi,"Türk Silahlı Kuvvetlerine bağlı Denizli Orduevi askeri personellerin konaklama, yeme, içme, sosyal ihtiyaçlarını karşılayan bir tesis olmaktadır. Bu konuda Denizli Orduevi içerisinde konaklamak isteyenler için; Denizli Orduevi Fiyatları, Denizli Orduevi Resimleri, Denizli Orduevi Rezervasyon, Denizli Askeri Gazino ve Denizli Orduevi Yorumları ‘na yer verdik.","Kuşpınar Mahallesi, Lise 1 Caddesi,  2/A Pamukkale – Denizli",0258 265 54 37,admin-123
8b3ab9a2-67d4-4e23-b4ad-4ee77dd0d4b2,Isparta Orduevi,"Türk Silahlı Kuvvetlerine bağlı Isparta Orduevi askeri personellerin konaklama, yeme, içme, sosyal ihtiyaçlarını karşılayan bir tesis olmaktadır. Bu konuda Isparta Orduevi içerisinde konaklamak isteyenler için; Isparta Orduevi Fiyatları, Isparta Orduevi Resimleri, Isparta Orduevi Rezervasyon, Isparta Askeri Gazino ve Isparta Orduevi Yorumları ‘na yer verdik.","Gazi Kemal Mahallesi, 6 Mart Atatürk Caddesi,  No30  Merkez — Isparta",0246 218 53 12,admin-123
ecda8b32-cff8-4adb-b0e5-4b5eba50a750,Şanlıurfa Jandarma Orduevi,"Türk Silahlı Kuvvetlerine bağlı Şanlıurfa Jandarma Orduevi askeri personellerin konaklama, yeme, içme, sosyal ihtiyaçlarını karşılayan bir tesis olmaktadır. Bu konuda Şanlıurfa Jandarma Orduevi içerisinde konaklamak isteyenler için; Şanlıurfa Jandarma Orduevi Fiyatları, Şanlıurfa Jandarma Orduevi Resimleri, Şanlıurfa Jandarma Orduevi Rezervasyon, Şanlıurfa Jandarma Askeri Gazino ve Şanlıurfa Jandarma Orduevi Yorumları ‘na yer verdik.","Şehitlik Mahallesi, Nusret Caddesi, Haliliye – Şanlıurfa",0414 313 15 36,admin-123
17d2b8b4-800d-4686-b00c-e4c7454ce350,Tekirdağ Orduevi,"Türk Silahlı Kuvvetlerine bağlı Tekirdağ Orduevi askeri personellerin konaklama, yeme, içme, sosyal ihtiyaçlarını karşılayan bir tesis olmaktadır. Bu konuda Tekirdağ Orduevi içerisinde konaklamak isteyenler için; Tekirdağ Orduevi Fiyatları, Tekirdağ Orduevi Resimleri, Tekirdağ Orduevi Rezervasyon, Tekirdağ Askeri Gazino ve Tekirdağ Orduevi Yorumları ‘na yer verdik.","Ertuğrul Mahallesi, Atatürk Bulvarı Üzeri Süleymanpaşa – Tekirdağ",0282 261 20 91,admin-123
681de1c7-a171-4a45-90a8-1e0f12aeed4d,Gölcük Subay Orduevi,"Türk Silahlı Kuvvetlerine bağlı Gölcük Subay Orduevi askeri personellerin konaklama, yeme, içme, sosyal ihtiyaçlarını karşılayan bir tesis olmaktadır. Bu konuda Gölcük Subay Orduevi içerisinde konaklamak isteyenler için; Gölcük Subay Orduevi Fiyatları, Gölcük Subay Orduevi Resimleri, Gölcük Subay Orduevi Rezervasyon, Gölcük Subay Askeri Gazino ve Gölcük Subay Orduevi Yorumları ‘na yer verdik.","Merkez Mahallesi, Gölcük Donanma Komutanlığı Gölcük – Kocaeli",0262 414 90 52,admin-123
855265c6-642f-4ef6-9ece-698ecda7be32,Artvin Orduevi,"Türk Silahlı Kuvvetlerine bağlı Artvin Orduevi askeri personellerin konaklama, yeme, içme, sosyal ihtiyaçlarını karşılayan bir tesis olmaktadır. Bu konuda Artvin Orduevi içerisinde konaklamak isteyenler için; Artvin Orduevi Fiyatları, Artvin Orduevi Resimleri, Artvin Orduevi Rezervasyon ve Artvin Orduevi Yorumları ‘na yer verdik.","Çayağzı Mahallessi Miralay Şükrübey Cadddesi, No130 Merkez – Artvin",0466 212 10 50,admin-123
7cb172b2-ec65-4f36-9f89-e30136abd3a0,Ağrı Orduevi,"Türk Silahlı Kuvvetlerine bağlı Ağrı Orduevi askeri personellerin konaklama, yeme, içme, sosyal ihtiyaçlarını karşılayan bir tesis olmaktadır. Bu konuda Ağrı Orduevi içerisinde konaklamak isteyenler için; Ağrı Orduevi Fiyatları, Ağrı Orduevi Resimleri, Ağrı Orduevi Rezervasyon ve Ağrı Orduevi Yorumları ‘na yer verdik.","Leylek Pınar Mahallesi, İbrahim Erat Caddesi No22, Merkez – Ağrı",0472 215 17 66,admin-123
2fea9fd2-032b-4e2d-ace5-d1fda722762c,Diyarbakır Orduevi,"Türk Silahlı Kuvvetlerine bağlı Diyarbakır Orduevi askeri personellerin konaklama, yeme, içme, sosyal ihtiyaçlarını karşılayan bir tesis olmaktadır. Bu konuda Diyarbakır Orduevi içerisinde konaklamak isteyenler için; Diyarbakır Orduevi Fiyatları, Diyarbakır Orduevi Resimleri, Diyarbakır Orduevi Rezervasyon, Diyarbakır Askeri Gazino ve Diyarbakır Orduevi Yorumları ‘na yer verdik.","Yenişehir Mahallesi, Mimar Sinan Caddesi,  No7 Yenişehir – Diyarbakır",0412 224 45 65,admin-123
10c54377-95e4-4dda-84f2-4893bbaebb05,Eğirdir Orduevi,"Türk Silahlı Kuvvetlerine bağlı Eğirdir Orduevi askeri personellerin konaklama, yeme, içme, sosyal ihtiyaçlarını karşılayan bir tesis olmaktadır. Bu konuda Eğirdir Orduevi içerisinde konaklamak isteyenler için; Eğirdir Orduevi Fiyatları, Eğirdir Orduevi Resimleri, Eğirdir Orduevi Rezervasyon, Eğirdir Askeri Gazino ve Eğirdir Orduevi Yorumları ‘na yer verdik.","İstasyon Mahallesi, İstasyon Caddesi Üzeri Eğirdir – Isparta",0246 311 37 21,admin-123
b8bb3623-d32c-48fc-8d7d-5b69d0ece62a,Gelibolu Subay Orduevi,"Türk Silahlı Kuvvetlerine bağlı Gelibolu Subay Orduevi askeri personellerin konaklama, yeme, içme, sosyal ihtiyaçlarını karşılayan bir tesis olmaktadır. Bu konuda Gelibolu Subay Orduevi içerisinde konaklamak isteyenler için; Gelibolu Subay Orduevi Fiyatları, Gelibolu Subay Orduevi Resimleri, Gelibolu Subay Orduevi Rezervasyon ve Gelibolu Subay Orduevi Yorumları ‘na yer verdik.","Hoca Hamza Mahallesi, Tuğsavul Cd. No36  Gelibolu – Çanakkale",0286 566 38 48,admin-123
db882c5e-4777-4e60-8324-6ef1ac00c5db,Ankara Etiler Orduevi,"Türk Silahlı Kuvvetlerine bağlı Ankara Etiler Orduevi askeri personellerin konaklama, yeme, içme, sosyal ihtiyaçlarını karşılayan bir tesis olmaktadır. Bu konuda Ankara Etiler Orduevi içerisinde konaklamak isteyenler için; Ankara Etiler Orduevi Fiyatları, Ankara Etiler Orduevi Resimleri, Ankara Etiler Orduevi Rezervasyon ve Ankara Etiler Orduevi Yorumları ‘na yer verdik.","Emniyet Mahallesi, Celal Bayar Bulvarı  No77 Yenimahalle – Ankara",0312 212 92 77,admin-123
fca560cd-1dcb-42aa-a63a-f5a868560d3e,Kütahya Orduevi,"Türk Silahlı Kuvvetlerine bağlı Kütahya Orduevi askeri personellerin konaklama, yeme, içme, sosyal ihtiyaçlarını karşılayan bir tesis olmaktadır. Bu konuda Kütahya Orduevi içerisinde konaklamak isteyenler için; Kütahya Orduevi Fiyatları, Kütahya Orduevi Resimleri, Kütahya Orduevi Rezervasyon, Kütahya Askeri Gazino ve Kütahya Orduevi Yorumları ‘na yer verdik.","Alipaşa Mahallesi, Fuat Paşa Caddesi, No10 Merkez – Kütahya",0274 224 94 46,admin-123
4fe42dad-ebf0-402f-b759-c8b8aaae47d4,Adana Orduevi,"Türk Silahlı Kuvvetlerine bağlı Adana Orduevi askeri personellerin konaklama, yeme, içme, sosyal ihtiyaçlarını karşılayan bir tesis olmaktadır. Bu konuda Adana Orduevi içerisinde konaklamak isteyenler için; Adana Orduevi Fiyatları, Adana Orduevi Resimleri, Adana Orduevi Rezervasyon ve Adana Orduevi Yorumları ‘na yer verdik.","Güzelyalı Mahallesi, 81038 Sokak  Çukurova/Adana",0322 233 08 97,admin-123
0b32957b-d177-4d80-9737-47b95e536ae8,Iğdır Orduevi,"Türk Silahlı Kuvvetlerine bağlı Iğdır Orduevi askeri personellerin konaklama, yeme, içme, sosyal ihtiyaçlarını karşılayan bir tesis olmaktadır. Bu konuda Iğdır Orduevi içerisinde konaklamak isteyenler için; Iğdır Orduevi Fiyatları, Iğdır Orduevi Resimleri, Iğdır Orduevi Rezervasyon, Iğdır Askeri Gazino ve Iğdır Orduevi Yorumları ‘na yer verdik.","Bağlar Mahallesi, Atatürk Caddesi Merkez – Iğdır",0476 227 30 21,admin-123
f9cd3631-626e-41de-b1f6-9caacfc0c491,Uzunköprü Orduevi,"Türk Silahlı Kuvvetlerine bağlı Uzunköprü Orduevi askeri personellerin konaklama, yeme, içme, sosyal ihtiyaçlarını karşılayan bir tesis olmaktadır. Bu konuda Uzunköprü Orduevi içerisinde konaklamak isteyenler için; Uzunköprü Orduevi Fiyatları, Uzunköprü Orduevi Resimleri, Uzunköprü Orduevi Rezervasyon, Uzunköprü Askeri Gazino ve Uzunköprü Orduevi Yorumları ‘na yer verdik.","Rızaefendi Mahallesi, Cumhuriyet Meydan Sokak, Uzunköprü – Edirne",0284 513 34 50  — 0284 513 35 23,admin-123
8811e4f0-22a4-4f9f-95a5-71311aa177d0,Gökçeada Orduevi,"Türk Silahlı Kuvvetlerine bağlı Gökçeada Orduevi askeri personellerin konaklama, yeme, içme, sosyal ihtiyaçlarını karşılayan bir tesis olmaktadır. Bu konuda Gökçeada Orduevi içerisinde konaklamak isteyenler için; Gökçeada Orduevi Fiyatları, Gökçeada Orduevi Resimleri, Gökçeada Orduevi Rezervasyon ve Gökçeada Orduevi Yorumları ‘na yer verdik.","Fatih Mahallesi, Barbaros Caddesi, Kaleköy Yolu Üzeri Kaleköy Gökçeada – Çanakkale",0286 887 35 67  — 0286 887 41 81,admin-123
0c85bcbe-5de1-4819-9883-9ee3b432c774,İzmir Konak Subay Orduevi,"Türk Silahlı Kuvvetlerine bağlı İzmir Konak Subay Orduevi askeri personellerin konaklama, yeme, içme, sosyal ihtiyaçlarını karşılayan bir tesis olmaktadır. Bu konuda İzmir Konak Subay Orduevi içerisinde konaklamak isteyenler için; İzmir Konak Subay Orduevi Fiyatları, İzmir Konak Subay Orduevi Resimleri, İzmir Konak Subay Orduevi Rezervasyon, İzmir Konak Subay Askeri Gazino ve İzmir Konak Subay Orduevi Yorumları ‘na yer verdik.","Yeşiltepe Mahallesi, Mithatpaşa Caddesi No92 Konak – İzmir",0232 441 14 42,admin-123
b46fd94e-95c2-49f7-8c1c-3071facdfdf8,Bitlis Tatvan Orduevi,"Türk Silahlı Kuvvetlerine bağlı Bitlis Tatvan Orduevi askeri personellerin konaklama, yeme, içme, sosyal ihtiyaçlarını karşılayan bir tesis olmaktadır. Bu konuda Bitlis Tatvan Orduevi içerisinde konaklamak isteyenler için; Bitlis Tatvan Orduevi Fiyatları, Bitlis Tatvan Orduevi Resimleri, Bitlis Tatvan Orduevi Rezervasyon ve Bitlis Tatvan Orduevi Yorumları ‘na yer verdik.","Saray Mahallesi, Orduevi Caddesi  Tatvan – Bitlis",0434 827 56 16,admin-123
26dcdb88-ffa7-4b58-825e-49b5a76b1c03,Harbiye Orduevi,"Türk Silahlı Kuvvetlerine bağlı Harbiye Orduevi askeri personellerin konaklama, yeme, içme, sosyal ihtiyaçlarını karşılayan bir tesis olmaktadır. Bu konuda Harbiye Orduevi içerisinde konaklamak isteyenler için; Harbiye Orduevi Fiyatları, Harbiye Orduevi Resimleri, Harbiye Orduevi Rezervasyon, Harbiye Askeri Gazino ve Harbiye Orduevi Yorumları ‘na yer verdik.","Harbiye Mallesi, Darülbedai Caddesi, No01 Şişli – İstanbul",0212 234 31 00,admin-123
3cf5a31a-8d5a-4780-8a7a-b78bc51af473,Erciş Orduevi,"Türk Silahlı Kuvvetlerine bağlı Erciş Orduevi askeri personellerin konaklama, yeme, içme, sosyal ihtiyaçlarını karşılayan bir tesis olmaktadır. Bu konuda Erciş Orduevi içerisinde konaklamak isteyenler için; Erciş Orduevi Fiyatları, Erciş Orduevi Resimleri, Erciş Orduevi Rezervasyon, Erciş Askeri Gazino ve Erciş Orduevi Yorumları ‘na yer verdik.","Latifiye Mahallesi, Süleyman Erdinç Caddesi, Erciş – VAN",0432 351 84 91,admin-123
057b0333-e792-468f-935a-70226b7a0b13,Ordu Jandarma Orduevi,"Türk Silahlı Kuvvetlerine bağlı Ordu Jandarma Orduevi askeri personellerin konaklama, yeme, içme, sosyal ihtiyaçlarını karşılayan bir tesis olmaktadır. Bu konuda Ordu Jandarma Orduevi içerisinde konaklamak isteyenler için; Ordu Jandarma Orduevi Fiyatları, Ordu Jandarma Orduevi Resimleri, Ordu Jandarma Orduevi Rezervasyon, Ordu Jandarma Askeri Gazino ve Ordu Jandarma Orduevi Yorumları ‘na yer verdik.","Düz Mahallesi, Süleyman Felek Caddesi, No22 Merkez – Ordu",0452 225 46 85,admin-123
a30e98e3-d2f1-4326-9a42-e1a334796200,Antalya Orduevi,"Türk Silahlı Kuvvetlerine bağlı Antalya Orduevi askeri personellerin konaklama, yeme, içme, sosyal ihtiyaçlarını karşılayan bir tesis olmaktadır. Bu konuda Antalya Orduevi içerisinde konaklamak isteyenler için; Antalya Orduevi Fiyatları, Antalya Orduevi Resimleri, Antalya Orduevi Rezervasyon ve Antalya Orduevi Yorumları ‘na yer verdik.","Kışla Mahallesi, Cumhuriyet Caddesi, No54 Muratpaşa – Antalya",0242 243 88 55,admin-123
7c1b9e5d-5a31-4932-83a4-51070a059e68,Konya Orduevi,"Türk Silahlı Kuvvetlerine bağlı Konya Orduevi askeri personellerin konaklama, yeme, içme, sosyal ihtiyaçlarını karşılayan bir tesis olmaktadır. Bu konuda Konya Orduevi içerisinde konaklamak isteyenler için; Konya Orduevi Fiyatları, Konya Orduevi Resimleri, Konya Orduevi Rezervasyon, Konya Askeri Gazino ve Konya Orduevi Yorumları ‘na yer verdik.","Konevi Mahallesi, Millet Caddesi No21 Meram – Konya",0332 322 69 70,admin-123
4e48a619-9a9f-4ba3-9ccb-61c9071e6221,Amasya Orduevi,"Türk Silahlı Kuvvetlerine bağlı Amasya Orduevi askeri personellerin konaklama, yeme, içme, sosyal ihtiyaçlarını karşılayan bir tesis olmaktadır. Bu konuda Amasya Orduevi içerisinde konaklamak isteyenler için; Amasya Orduevi Fiyatları, Amasya Orduevi Resimleri, Amasya Orduevi Rezervasyon ve Amasya Orduevi Yorumları ‘na yer verdik.","Nergiz Mahallesi, Elmasiye Caddesi, No10 Merkez – Amasya",0358 218 18 24,admin-123
0d2e4793-7a12-4f67-9ddb-5b56a6241d15,Malatya Orduevi,"Türk Silahlı Kuvvetlerine bağlı Malatya Orduevi askeri personellerin konaklama, yeme, içme, sosyal ihtiyaçlarını karşılayan bir tesis olmaktadır. Bu konuda Malatya Orduevi içerisinde konaklamak isteyenler için; Malatya Orduevi Fiyatları, Malatya Orduevi Resimleri, Malatya Orduevi Rezervasyon, Malatya Askeri Gazino ve Malatya Orduevi Yorumları ‘na yer verdik.","Kernek Mahallesi, Hastane Caddesi, No2 Merkez – Malatya",0422 324 07 10,admin-123
3f09eebf-874b-40bd-8e7b-557d26e30092,Kilis Orduevi,"Türk Silahlı Kuvvetlerine bağlı Kilis Orduevi askeri personellerin konaklama, yeme, içme, sosyal ihtiyaçlarını karşılayan bir tesis olmaktadır. Bu konuda Kilis Orduevi içerisinde konaklamak isteyenler için; Kilis Orduevi Fiyatları, Kilis Orduevi Resimleri, Kilis Orduevi Rezervasyon, Kilis Askeri Gazino ve Kilis Orduevi Yorumları ‘na yer verdik.","Gaziler Mahallesi, Mercidabık Caddesi, Merkez – Kilis",0348 814 21 29,admin-123
21beb0da-8564-4411-a19c-d58347bcefa0,Gelibolu Astsubay Orduevi,"Türk Silahlı Kuvvetlerine bağlı Gelibolu Astsubay Orduevi askeri personellerin konaklama, yeme, içme, sosyal ihtiyaçlarını karşılayan bir tesis olmaktadır. Bu konuda Gelibolu Astsubay Orduevi içerisinde konaklamak isteyenler için; Gelibolu Astsubay Orduevi Fiyatları, Gelibolu Astsubay Orduevi Resimleri, Gelibolu Astsubay Orduevi Rezervasyon ve Gelibolu Astsubay Orduevi Yorumları ‘na yer verdik.","Hoca Hamza Mahallesi, Fener Yolu Sokak No17 Gelibolu – Çanakkale",0286 566 56 52,admin-123
be383d4a-58fa-4489-a414-6fb468794bbf,Şanlıurfa Orduevi,"Türk Silahlı Kuvvetlerine bağlı Şanlıurfa Orduevi askeri personellerin konaklama, yeme, içme, sosyal ihtiyaçlarını karşılayan bir tesis olmaktadır. Bu konuda Şanlıurfa Orduevi içerisinde konaklamak isteyenler için; Şanlıurfa Orduevi Fiyatları, Şanlıurfa Orduevi Resimleri, Şanlıurfa Orduevi Rezervasyon, Şanlıurfa Askeri Gazino ve Şanlıurfa Orduevi Yorumları ‘na yer verdik.",İpekyolu Bulvarı Üzeri Haliliye – Şanlıurfa,0414 316 73 87,admin-123
43e6087c-0fc3-468a-b407-5fda9ad8d361,Van Orduevi,"Türk Silahlı Kuvvetlerine bağlı Van Orduevi askeri personellerin konaklama, yeme, içme, sosyal ihtiyaçlarını karşılayan bir tesis olmaktadır. Bu konuda Van Orduevi içerisinde konaklamak isteyenler için; Van Orduevi Fiyatları, Van Orduevi Resimleri, Van Orduevi Rezervasyon, Van Askeri Gazino ve Van Orduevi Yorumları ‘na yer verdik.","Şerefiye Mahallesi, Ordu Caddesi,  No68 Merkez – VAN",0432 222 38 20 —- 0432 214 06 17,admin-123
e9f47535-8eca-4d49-8d3b-8179c14cc1ec,Ankara Sıhhiye Orduevi,"Türk Silahlı Kuvvetlerine bağlı Ankara Sıhhiye Orduevi askeri personellerin konaklama, yeme, içme, sosyal ihtiyaçlarını karşılayan bir tesis olmaktadır. Bu konuda Ankara Sıhhiye Orduevi içerisinde konaklamak isteyenler için; Ankara Sıhhiye Orduevi Fiyatları, Ankara Sıhhiye Orduevi Resimleri, Ankara Sıhhiye Orduevi Rezervasyon ve Ankara Sıhhiye Orduevi Yorumları ‘na yer verdik.",Atatürk Bulvarı Necatibey Cd. No56 Çankaya/Ankara,0312 425 34 07,admin-123
b355debd-8945-4120-8ea7-eac15abfd306,Balıkesir Orduevi,"Türk Silahlı Kuvvetlerine bağlı Balıkesir Orduevi askeri personellerin konaklama, yeme, içme, sosyal ihtiyaçlarını karşılayan bir tesis olmaktadır. Bu konuda Balıkesir Orduevi içerisinde konaklamak isteyenler için; Balıkesir Orduevi Fiyatları, Balıkesir Orduevi Resimleri, Balıkesir Orduevi Rezervasyon ve Balıkesir Orduevi Yorumları ‘na yer verdik.","Eski Kuyumcular Mahallesi, Kuvayi Milliye Caddesi, No40 Merkez – Balıkesir",0266 245 55 90,admin-123
a5b64a64-0de6-42f9-92cc-527b0b933aa3,Keşan Orduevi,"Türk Silahlı Kuvvetlerine bağlı Keşan Orduevi askeri personellerin konaklama, yeme, içme, sosyal ihtiyaçlarını karşılayan bir tesis olmaktadır. Bu konuda Keşan Orduevi içerisinde konaklamak isteyenler için; Keşan Orduevi Fiyatları, Keşan Orduevi Resimleri, Keşan Orduevi Rezervasyon, Keşan Askeri Gazino ve Keşan Orduevi Yorumları ‘na yer verdik.","Yukarı Zaferiye Mahallesi, Cumhuriyet Caddesi Keşan – Edirne",0284 714 56 89,admin-123
fc1fb3c3-cca0-408d-8624-5c1f18a542da,Samsun Subay Orduevi,"Türk Silahlı Kuvvetlerine bağlı Samsun Subay Orduevi askeri personellerin konaklama, yeme, içme, sosyal ihtiyaçlarını karşılayan bir tesis olmaktadır. Bu konuda Samsun Subay Orduevi içerisinde konaklamak isteyenler için; Samsun Subay Orduevi Fiyatları, Samsun Subay Orduevi Resimleri, Samsun Subay Orduevi Rezervasyon, Samsun Subay Askeri Gazino ve Samsun Subay Orduevi Yorumları ‘na yer verdik.","Kale Mahallesi, Cumhuriyet Caddesi No10 İlkadım – Samsun",0362 432 33 41,admin-123
c6d5f492-151a-4fe5-8d70-aaa10991faca,Sarıyer Subay Orduevi,"Türk Silahlı Kuvvetlerine bağlı Sarıyer Subay Orduevi askeri personellerin konaklama, yeme, içme, sosyal ihtiyaçlarını karşılayan bir tesis olmaktadır. Bu konuda Sarıyer Subay Orduevi içerisinde konaklamak isteyenler için; Sarıyer Subay Orduevi Fiyatları, Sarıyer Subay Orduevi Resimleri, Sarıyer Subay Orduevi Rezervasyon, Sarıyer Subay Askeri Gazino ve Sarıyer Subay Orduevi Yorumları ‘na yer verdik.","Meserburnu Caddesi, No4 Sarıyer – İstanbul",0212 242 00 42,admin-123
e66078f4-400c-4654-9ea3-00d48bae0757,Çanakkale Subay Orduevi,"Türk Silahlı Kuvvetlerine bağlı Çanakkale Subay Orduevi askeri personellerin konaklama, yeme, içme, sosyal ihtiyaçlarını karşılayan bir tesis olmaktadır. Bu konuda Çanakkale Subay Orduevi içerisinde konaklamak isteyenler için; Çanakkale Subay Orduevi Fiyatları, Çanakkale Subay Orduevi Resimleri, Çanakkale Subay Orduevi Rezervasyon ve Çanakkale Subay Orduevi Yorumları ‘na yer verdik.","Cevat Paşa Mahallesi, Kayserili Ahmet Paşa Cd. No52, Merkez – Çanakkale",0286 217 13 20,admin-123
cc8eb033-ec13-498a-ba72-b70c0fd40a7c,Erzurum Orduevi,"Türk Silahlı Kuvvetlerine bağlı Erzurum Orduevi askeri personellerin konaklama, yeme, içme, sosyal ihtiyaçlarını karşılayan bir tesis olmaktadır. Bu konuda Erzurum Orduevi içerisinde konaklamak isteyenler için; Erzurum Orduevi Fiyatları, Erzurum Orduevi Resimleri, Erzurum Orduevi Rezervasyon, Erzurum Askeri Gazino ve Erzurum Orduevi Yorumları ‘na yer verdik.","Lalapaşa Mahallesi, Orduevi Sokak Yakutiye – Erzurum",0442 234 81 50,admin-123
5b0e5a42-2bb4-451c-8886-0677d7fde0bf,Bornova Orduevi,"Türk Silahlı Kuvvetlerine bağlı Bornova Orduevi askeri personellerin konaklama, yeme, içme, sosyal ihtiyaçlarını karşılayan bir tesis olmaktadır. Bu konuda Bornova Orduevi içerisinde konaklamak isteyenler için; Bornova Orduevi Fiyatları, Bornova Orduevi Resimleri, Bornova Orduevi Rezervasyon, Bornova Askeri Gazino ve Bornova Orduevi Yorumları ‘na yer verdik.","Kazımdirik Mahallesi, 162. Sokak Bornova – İzmir",0232 388 63 90  — 0232 388 35 35,admin-123
80635999-75d9-4f9e-9918-1b5e4d88e834,Gaziantep Orduevi,"Türk Silahlı Kuvvetlerine bağlı Gaziantep Orduevi askeri personellerin konaklama, yeme, içme, sosyal ihtiyaçlarını karşılayan bir tesis olmaktadır. Bu konuda Gaziantep Orduevi içerisinde konaklamak isteyenler için; Gaziantep Orduevi Fiyatları, Gaziantep Orduevi Resimleri, Gaziantep Orduevi Rezervasyon, Gaziantep Askeri Gazino ve Gaziantep Orduevi Yorumları ‘na yer verdik.","Beyazlar Mahallesi, Ordu Caddesi, Hizmet Delibaş Kışları Şahinbey – Gaziantep",0342 336 12 40 *** 0342 336 12 41 ***0342 336 12 42 —0342 336 12 49,admin-123
